date_time,platform,market_type,pairId,symbol,base,quote,priceStep,minSize,maxSize,priceRateLimit,mul,sizeStep,minTurnover,maxTurnover,optStrikePrice,optSide,optUnderlying,settleDate
2024-03-14 21:39:46,gate,uFuture,GAS_USDT,GAS_USDT,GAS,USDT,0.001,1.0,1000000.0,0.5,1.0,0,0,0,0,,,0
2024-03-14 21:39:46,gate,uFuture,KNC_USDT,KNC_USDT,KNC,USDT,0.0001,1.0,1000000.0,0.3,1.0,0,0,0,0,,,0
2024-03-14 21:39:46,gate,uFuture,ORBS_USDT,ORBS_USDT,ORBS,USDT,0.00001,10.0,10000000.0,0.3,10.0,0,0,0,0,,,0
2024-03-14 21:39:46,gate,uFuture,RADAR_USDT,RADAR_USDT,RADAR,USDT,0.000001,100.0,100000000.0,0.5,100.0,0,0,0,0,,,0
2024-03-14 21:39:46,gate,uFuture,PATEX_USDT,PATEX_USDT,PATEX,USDT,0.0001,1.0,1000000.0,0.5,1.0,0,0,0,0,,,0
2024-03-14 21:39:46,gate,uFuture,PNG_USDT,PNG_USDT,PNG,USDT,0.0001,1.0,1000000.0,0.5,1.0,0,0,0,0,,,0
2024-03-14 21:39:46,gate,uFuture,SC_USDT,SC_USDT,SC,USDT,0.000001,100.0,100000000.0,0.1,100.0,0,0,0,0,,,0
2024-03-14 21:39:46,gate,uFuture,ZEC_USDT,ZEC_USDT,ZEC,USDT,0.01,0.01,100000.0,0.5,0.01,0,0,0,0,,,0
2024-03-14 21:39:46,gate,uFuture,GNS_USDT,GNS_USDT,GNS,USDT,0.001,1.0,1000000.0,0.1,1.0,0,0,0,0,,,0
2024-03-14 21:39:46,gate,uFuture,AURORA_USDT,AURORA_USDT,AURORA,USDT,0.00001,10.0,10000000.0,0.3,10.0,0,0,0,0,,,0
2024-03-14 21:39:46,gate,uFuture,NMR_USDT,NMR_USDT,NMR,USDT,0.001,0.1,100000.0,0.3,0.1,0,0,0,0,,,0
2024-03-14 21:39:46,gate,uFuture,ICX_USDT,ICX_USDT,ICX,USDT,0.0001,1.0,10000000.0,0.1,1.0,0,0,0,0,,,0
2024-03-14 21:39:46,gate,uFuture,RVN_USDT,RVN_USDT,RVN,USDT,0.00001,10.0,100000000.0,0.3,10.0,0,0,0,0,,,0
2024-03-14 21:39:46,gate,uFuture,LQTY_USDT,LQTY_USDT,LQTY,USDT,0.0001,1.0,1000000.0,0.3,1.0,0,0,0,0,,,0
2024-03-14 21:39:46,gate,uFuture,BEL_USDT,BEL_USDT,BEL,USDT,0.0001,1.0,1000000.0,0.3,1.0,0,0,0,0,,,0
2024-03-14 21:39:46,gate,uFuture,DUSK_USDT,DUSK_USDT,DUSK,USDT,0.00001,10.0,10000000.0,0.3,10.0,0,0,0,0,,,0
2024-03-14 21:39:46,gate,uFuture,ALCX_USDT,ALCX_USDT,ALCX,USDT,0.01,0.01,10000.0,0.3,0.01,0,0,0,0,,,0
2024-03-14 21:39:46,gate,uFuture,REEF_USDT,REEF_USDT,REEF,USDT,0.000001,100.0,1000000000.0,0.3,100.0,0,0,0,0,,,0
2024-03-14 21:39:46,gate,uFuture,RPL_USDT,RPL_USDT,RPL,USDT,0.01,0.01,10000.0,0.1,0.01,0,0,0,0,,,0
2024-03-14 21:39:46,gate,uFuture,SATS_USDT,SATS_USDT,SATS,USDT,0.00000000001,10000000.0,10000000000000.0,0.5,10000000.0,0,0,0,0,,,0
2024-03-14 21:39:46,gate,uFuture,DHX_USDT,DHX_USDT,DHX,USDT,0.0001,1.0,1000000.0,0.5,1.0,0,0,0,0,,,0
2024-03-14 21:39:46,gate,uFuture,ASTR_USDT,ASTR_USDT,ASTR,USDT,0.00001,10.0,10000000.0,0.5,10.0,0,0,0,0,,,0
2024-03-14 21:39:46,gate,uFuture,BNX_USDT,BNX_USDT,BNX,USDT,0.0001,1.0,10000000.0,0.3,1.0,0,0,0,0,,,0
2024-03-14 21:39:46,gate,uFuture,INJ_USDT,INJ_USDT,INJ,USDT,0.001,0.1,100000.0,0.5,0.1,0,0,0,0,,,0
2024-03-14 21:39:46,gate,uFuture,CAKE_USDT,CAKE_USDT,CAKE,USDT,0.001,0.1,1000000.0,0.5,0.1,0,0,0,0,,,0
2024-03-14 21:39:46,gate,uFuture,CEL_USDT,CEL_USDT,CEL,USDT,0.0001,1.0,100000000.0,0.1,1.0,0,0,0,0,,,0
2024-03-14 21:39:46,gate,uFuture,ONE_USDT,ONE_USDT,ONE,USDT,0.00001,10.0,100000000.0,0.1,10.0,0,0,0,0,,,0
2024-03-14 21:39:46,gate,uFuture,BEAMX_USDT,BEAMX_USDT,BEAMX,USDT,0.000001,100.0,100000000.0,0.3,100.0,0,0,0,0,,,0
2024-03-14 21:39:46,gate,uFuture,KLAY_USDT,KLAY_USDT,KLAY,USDT,0.0001,1.0,10000000.0,0.1,1.0,0,0,0,0,,,0
2024-03-14 21:39:46,gate,uFuture,ETH_USDT,ETH_USDT,ETH,USDT,0.05,0.01,10000.0,0.5,0.01,0,0,0,0,,,0
2024-03-14 21:39:46,gate,uFuture,1CAT_USDT,1CAT_USDT,1CAT,USDT,0.000001,100.0,100000000.0,0.5,100.0,0,0,0,0,,,0
2024-03-14 21:39:46,gate,uFuture,RON_USDT,RON_USDT,RON,USDT,0.0001,1.0,1000000.0,0.1,1.0,0,0,0,0,,,0
2024-03-14 21:39:46,gate,uFuture,COTI_USDT,COTI_USDT,COTI,USDT,0.0001,1.0,10000000.0,0.3,1.0,0,0,0,0,,,0
2024-03-14 21:39:46,gate,uFuture,DMAIL_USDT,DMAIL_USDT,DMAIL,USDT,0.0001,1.0,1000000.0,0.5,1.0,0,0,0,0,,,0
2024-03-14 21:39:46,gate,uFuture,MANA_USDT,MANA_USDT,MANA,USDT,0.0001,0.1,10000000.0,0.3,0.1,0,0,0,0,,,0
2024-03-14 21:39:46,gate,uFuture,HIFI_USDT,HIFI_USDT,HIFI,USDT,0.0001,1.0,100000000.0,0.3,1.0,0,0,0,0,,,0
2024-03-14 21:39:46,gate,uFuture,MOVR_USDT,MOVR_USDT,MOVR,USDT,0.001,0.01,100000.0,0.5,0.01,0,0,0,0,,,0
2024-03-14 21:39:46,gate,uFuture,SSV_USDT,SSV_USDT,SSV,USDT,0.005,0.1,100000.0,0.3,0.1,0,0,0,0,,,0
2024-03-14 21:39:46,gate,uFuture,OM_USDT,OM_USDT,OM,USDT,0.0001,1.0,1000000.0,0.5,1.0,0,0,0,0,,,0
2024-03-14 21:39:46,gate,uFuture,SCA_USDT,SCA_USDT,SCA,USDT,0.0001,1.0,1000000.0,0.5,1.0,0,0,0,0,,,0
2024-03-14 21:39:46,gate,uFuture,OMG_USDT,OMG_USDT,OMG,USDT,0.0001,1.0,1000000.0,0.3,1.0,0,0,0,0,,,0
2024-03-14 21:39:46,gate,uFuture,UNI_USDT,UNI_USDT,UNI,USDT,0.001,1.0,1000000.0,0.5,1.0,0,0,0,0,,,0
2024-03-14 21:39:46,gate,uFuture,POGAI_USDT,POGAI_USDT,POGAI,USDT,0.00000001,10000.0,10000000000.0,0.5,10000.0,0,0,0,0,,,0
2024-03-14 21:39:46,gate,uFuture,ARKM_USDT,ARKM_USDT,ARKM,USDT,0.0001,1.0,1000000.0,0.3,1.0,0,0,0,0,,,0
2024-03-14 21:39:46,gate,uFuture,AAVE_USDT,AAVE_USDT,AAVE,USDT,0.01,0.01,10000.0,0.3,0.01,0,0,0,0,,,0
2024-03-14 21:39:46,gate,uFuture,LTC_USDT,LTC_USDT,LTC,USDT,0.01,0.1,100000.0,0.5,0.1,0,0,0,0,,,0
2024-03-14 21:39:46,gate,uFuture,BOND_USDT,BOND_USDT,BOND,USDT,0.001,1.0,1000000.0,0.3,1.0,0,0,0,0,,,0
2024-03-14 21:39:46,gate,uFuture,XVG_USDT,XVG_USDT,XVG,USDT,0.000001,100.0,100000000.0,0.1,100.0,0,0,0,0,,,0
2024-03-14 21:39:46,gate,uFuture,SPA_USDT,SPA_USDT,SPA,USDT,0.00001,10.0,10000000.0,0.5,10.0,0,0,0,0,,,0
2024-03-14 21:39:46,gate,uFuture,DENT_USDT,DENT_USDT,DENT,USDT,0.0000001,1000.0,1000000000.0,0.1,1000.0,0,0,0,0,,,0
2024-03-14 21:39:46,gate,uFuture,ACE_USDT,ACE_USDT,ACE,USDT,0.001,0.1,100000.0,0.5,0.1,0,0,0,0,,,0
2024-03-14 21:39:46,gate,uFuture,BIGTIME_USDT,BIGTIME_USDT,BIGTIME,USDT,0.0001,100.0,100000000.0,0.5,100.0,0,0,0,0,,,0
2024-03-14 21:39:46,gate,uFuture,GPT_USDT,GPT_USDT,GPT,USDT,0.00001,10.0,10000000.0,0.5,10.0,0,0,0,0,,,0
2024-03-14 21:39:46,gate,uFuture,APE_USDT,APE_USDT,APE,USDT,0.001,1.0,1000000.0,0.5,1.0,0,0,0,0,,,0
2024-03-14 21:39:46,gate,uFuture,RAY_USDT,RAY_USDT,RAY,USDT,0.001,0.1,10000000.0,0.2,0.1,0,0,0,0,,,0
2024-03-14 21:39:46,gate,uFuture,ALPHA_USDT,ALPHA_USDT,ALPHA,USDT,0.0001,1.0,10000000.0,0.5,1.0,0,0,0,0,,,0
2024-03-14 21:39:46,gate,uFuture,BNB_USDT,BNB_USDT,BNB,USDT,0.05,0.001,10000.0,0.5,0.001,0,0,0,0,,,0
2024-03-14 21:39:46,gate,uFuture,ZTX_USDT,ZTX_USDT,ZTX,USDT,0.00001,100.0,100000000.0,0.3,100.0,0,0,0,0,,,0
2024-03-14 21:39:46,gate,uFuture,KAS_USDT,KAS_USDT,KAS,USDT,0.00001,100.0,100000000.0,0.5,100.0,0,0,0,0,,,0
2024-03-14 21:39:46,gate,uFuture,STMX_USDT,STMX_USDT,STMX,USDT,0.000001,100.0,100000000.0,0.1,100.0,0,0,0,0,,,0
2024-03-14 21:39:46,gate,uFuture,SWEAT_USDT,SWEAT_USDT,SWEAT,USDT,0.000001,100.0,100000000.0,0.5,100.0,0,0,0,0,,,0
2024-03-14 21:39:46,gate,uFuture,XCN_USDT,XCN_USDT,XCN,USDT,0.0000001,10.0,1000000000.0,0.1,10.0,0,0,0,0,,,0
2024-03-14 21:39:46,gate,uFuture,TON_USDT,TON_USDT,TON,USDT,0.0001,0.1,1000000.0,0.5,0.1,0,0,0,0,,,0
2024-03-14 21:39:46,gate,uFuture,OKB_USDT,OKB_USDT,OKB,USDT,0.01,0.1,100000.0,0.1,0.1,0,0,0,0,,,0
2024-03-14 21:39:46,gate,uFuture,OGN_USDT,OGN_USDT,OGN,USDT,0.0001,1.0,10000000.0,0.3,1.0,0,0,0,0,,,0
2024-03-14 21:39:46,gate,uFuture,TLM_USDT,TLM_USDT,TLM,USDT,0.00001,1.0,1000000.0,0.1,1.0,0,0,0,0,,,0
2024-03-14 21:39:46,gate,uFuture,DOT_USDT,DOT_USDT,DOT,USDT,0.001,1.0,1000000.0,0.5,1.0,0,0,0,0,,,0
2024-03-14 21:39:46,gate,uFuture,NFP_USDT,NFP_USDT,NFP,USDT,0.0001,1.0,1000000.0,0.5,1.0,0,0,0,0,,,0
2024-03-14 21:39:46,gate,uFuture,FLOKI_USDT,FLOKI_USDT,FLOKI,USDT,0.00000001,10000.0,100000000000.0,0.3,10000.0,0,0,0,0,,,0
2024-03-14 21:39:46,gate,uFuture,ADA_USDT,ADA_USDT,ADA,USDT,0.0001,10.0,10000000.0,0.5,10.0,0,0,0,0,,,0
2024-03-14 21:39:46,gate,uFuture,ANKR_USDT,ANKR_USDT,ANKR,USDT,0.00001,10.0,100000000.0,0.5,10.0,0,0,0,0,,,0
2024-03-14 21:39:46,gate,uFuture,ORDI_USDT,ORDI_USDT,ORDI,USDT,0.001,0.1,100000.0,0.5,0.1,0,0,0,0,,,0
2024-03-14 21:39:46,gate,uFuture,ANT_USDT,ANT_USDT,ANT,USDT,0.001,0.1,100000.0,0.3,0.1,0,0,0,0,,,0
2024-03-14 21:39:46,gate,uFuture,TRX_USDT,TRX_USDT,TRX,USDT,0.00001,100.0,100000000.0,0.3,100.0,0,0,0,0,,,0
2024-03-14 21:39:46,gate,uFuture,YFII_USDT,YFII_USDT,YFII,USDT,0.1,0.001,1000.0,0.5,0.001,0,0,0,0,,,0
2024-03-14 21:39:46,gate,uFuture,MTL_USDT,MTL_USDT,MTL,USDT,0.001,0.1,1000000.0,0.2,0.1,0,0,0,0,,,0
2024-03-14 21:39:46,gate,uFuture,WIN_USDT,WIN_USDT,WIN,USDT,0.0000001,10000.0,10000000000.0,0.1,10000.0,0,0,0,0,,,0
2024-03-14 21:39:46,gate,uFuture,MBABYDOGE_USDT,MBABYDOGE_USDT,MBABYDOGE,USDT,0.000001,100.0,100000000.0,0.3,100.0,0,0,0,0,,,0
2024-03-14 21:39:46,gate,uFuture,SAND_USDT,SAND_USDT,SAND,USDT,0.0001,1.0,1000000.0,0.5,1.0,0,0,0,0,,,0
2024-03-14 21:39:46,gate,uFuture,SUN_USDT,SUN_USDT,SUN,USDT,0.000001,0.1,10000000.0,0.1,0.1,0,0,0,0,,,0
2024-03-14 21:39:46,gate,uFuture,MEME_USDT,MEME_USDT,MEME,USDT,0.00001,10.0,10000000.0,0.5,10.0,0,0,0,0,,,0
2024-03-14 21:39:46,gate,uFuture,FORT_USDT,FORT_USDT,FORT,USDT,0.00001,10.0,10000000.0,0.5,10.0,0,0,0,0,,,0
2024-03-14 21:39:46,gate,uFuture,BLUR_USDT,BLUR_USDT,BLUR,USDT,0.0001,1.0,10000000.0,0.5,1.0,0,0,0,0,,,0
2024-03-14 21:39:46,gate,uFuture,STG_USDT,STG_USDT,STG,USDT,0.0001,1.0,1000000.0,0.3,1.0,0,0,0,0,,,0
2024-03-14 21:39:46,gate,uFuture,LUNC_USDT,LUNC_USDT,LUNC,USDT,0.00000001,10000.0,10000000000.0,0.5,10000.0,0,0,0,0,,,0
2024-03-14 21:39:46,gate,uFuture,BAT_USDT,BAT_USDT,BAT,USDT,0.0001,10.0,10000000.0,0.3,10.0,0,0,0,0,,,0
2024-03-14 21:39:46,gate,uFuture,SOL_USDT,SOL_USDT,SOL,USDT,0.001,1.0,1000000.0,0.5,1.0,0,0,0,0,,,0
2024-03-14 21:39:46,gate,uFuture,AXS_USDT,AXS_USDT,AXS,USDT,0.001,0.1,100000.0,0.3,0.1,0,0,0,0,,,0
2024-03-14 21:39:46,gate,uFuture,XAI_USDT,XAI_USDT,XAI,USDT,0.0001,1.0,1000000.0,0.5,1.0,0,0,0,0,,,0
2024-03-14 21:39:46,gate,uFuture,PYTH_USDT,PYTH_USDT,PYTH,USDT,0.0001,10.0,10000000.0,0.5,10.0,0,0,0,0,,,0
2024-03-14 21:39:46,gate,uFuture,MAGIC_USDT,MAGIC_USDT,MAGIC,USDT,0.0001,1.0,1000000.0,0.3,1.0,0,0,0,0,,,0
2024-03-14 21:39:46,gate,uFuture,MDT_USDT,MDT_USDT,MDT,USDT,0.00001,10.0,10000000.0,0.3,10.0,0,0,0,0,,,0
2024-03-14 21:39:46,gate,uFuture,BLZ_USDT,BLZ_USDT,BLZ,USDT,0.0001,10.0,10000000.0,0.3,10.0,0,0,0,0,,,0
2024-03-14 21:39:46,gate,uFuture,BNT_USDT,BNT_USDT,BNT,USDT,0.0001,1.0,1000000.0,0.1,1.0,0,0,0,0,,,0
2024-03-14 21:39:46,gate,uFuture,TIA_USDT,TIA_USDT,TIA,USDT,0.001,1.0,1000000.0,0.5,1.0,0,0,0,0,,,0
2024-03-14 21:39:46,gate,uFuture,KEY_USDT,KEY_USDT,KEY,USDT,0.000001,100.0,100000000.0,0.3,100.0,0,0,0,0,,,0
2024-03-14 21:39:46,gate,uFuture,WLD_USDT,WLD_USDT,WLD,USDT,0.001,1.0,1000000.0,0.5,1.0,0,0,0,0,,,0
2024-03-14 21:39:46,gate,uFuture,IOTA_USDT,IOTA_USDT,IOTA,USDT,0.0001,1.0,1000000.0,0.3,1.0,0,0,0,0,,,0
2024-03-14 21:39:46,gate,uFuture,BONK_USDT,BONK_USDT,BONK,USDT,0.0000000001,1000000.0,100000000000000.0,0.5,1000000.0,0,0,0,0,,,0
2024-03-14 21:39:46,gate,uFuture,AMB_USDT,AMB_USDT,AMB,USDT,0.000001,100.0,100000000.0,0.1,100.0,0,0,0,0,,,0
2024-03-14 21:39:46,gate,uFuture,RSR_USDT,RSR_USDT,RSR,USDT,0.000001,100.0,1000000000.0,0.3,100.0,0,0,0,0,,,0
2024-03-14 21:39:46,gate,uFuture,PYR_USDT,PYR_USDT,PYR,USDT,0.001,9.6,9600000.0,0.1,9.6,0,0,0,0,,,0
2024-03-14 21:39:46,gate,uFuture,FITFI_USDT,FITFI_USDT,FITFI,USDT,0.000001,1.0,100000000.0,0.1,1.0,0,0,0,0,,,0
2024-03-14 21:39:46,gate,uFuture,PEPE2_USDT,PEPE2_USDT,PEPE2,USDT,0.00000000001,10000000.0,100000000000000.0,0.3,10000000.0,0,0,0,0,,,0
2024-03-14 21:39:46,gate,uFuture,MKR_USDT,MKR_USDT,MKR,USDT,0.1,0.001,1000.0,0.3,0.001,0,0,0,0,,,0
2024-03-14 21:39:46,gate,uFuture,BENQI_USDT,BENQI_USDT,BENQI,USDT,0.00001,100.0,100000000.0,0.5,100.0,0,0,0,0,,,0
2024-03-14 21:39:46,gate,uFuture,PERP_USDT,PERP_USDT,PERP,USDT,0.0001,0.1,100000.0,0.3,0.1,0,0,0,0,,,0
2024-03-14 21:39:46,gate,uFuture,OXT_USDT,OXT_USDT,OXT,USDT,0.00001,10.0,10000000.0,0.3,10.0,0,0,0,0,,,0
2024-03-14 21:39:46,gate,uFuture,COMP_USDT,COMP_USDT,COMP,USDT,0.05,0.01,10000.0,0.3,0.01,0,0,0,0,,,0
2024-03-14 21:39:46,gate,uFuture,LINK_USDT,LINK_USDT,LINK,USDT,0.001,1.0,1000000.0,0.5,1.0,0,0,0,0,,,0
2024-03-14 21:39:46,gate,uFuture,LOOM_USDT,LOOM_USDT,LOOM,USDT,0.00001,10.0,10000000.0,0.3,10.0,0,0,0,0,,,0
2024-03-14 21:39:46,gate,uFuture,CFX_USDT,CFX_USDT,CFX,USDT,0.0001,10.0,10000000.0,0.5,10.0,0,0,0,0,,,0
2024-03-14 21:39:46,gate,uFuture,CHR_USDT,CHR_USDT,CHR,USDT,0.0001,10.0,10000000.0,0.3,10.0,0,0,0,0,,,0
2024-03-14 21:39:46,gate,uFuture,GARI_USDT,GARI_USDT,GARI,USDT,0.00001,10.0,10000000.0,0.3,10.0,0,0,0,0,,,0
2024-03-14 21:39:46,gate,uFuture,DGB_USDT,DGB_USDT,DGB,USDT,0.00001,10.0,100000000.0,0.1,10.0,0,0,0,0,,,0
2024-03-14 21:39:46,gate,uFuture,MBOX_USDT,MBOX_USDT,MBOX,USDT,0.001,0.1,100000.0,0.3,0.1,0,0,0,0,,,0
2024-03-14 21:39:46,gate,uFuture,WEMIX_USDT,WEMIX_USDT,WEMIX,USDT,0.0001,1.0,1000000.0,0.3,1.0,0,0,0,0,,,0
2024-03-14 21:39:46,gate,uFuture,DYDX_USDT,DYDX_USDT,DYDX,USDT,0.001,0.1,1000000.0,0.5,0.1,0,0,0,0,,,0
2024-03-14 21:39:46,gate,uFuture,USDC_USDT,USDC_USDT,USDC,USDT,0.0001,1.0,1000000.0,0.3,1.0,0,0,0,0,,,0
2024-03-14 21:39:46,gate,uFuture,TRB_USDT,TRB_USDT,TRB,USDT,0.001,0.1,100000.0,0.5,0.1,0,0,0,0,,,0
2024-03-14 21:39:46,gate,uFuture,LUNA_USDT,LUNA_USDT,LUNA,USDT,0.0001,1.0,1000000.0,0.5,1.0,0,0,0,0,,,0
2024-03-14 21:39:46,gate,uFuture,AGI_USDT,AGI_USDT,AGI,USDT,0.0001,1.0,1000000.0,0.5,1.0,0,0,0,0,,,0
2024-03-14 21:39:46,gate,uFuture,BTT_USDT,BTT_USDT,BTT,USDT,0.0000000001,1000000.0,1000000000000.0,0.3,1000000.0,0,0,0,0,,,0
2024-03-14 21:39:46,gate,uFuture,CTK_USDT,CTK_USDT,CTK,USDT,0.0001,1.0,1000000.0,0.1,1.0,0,0,0,0,,,0
2024-03-14 21:39:46,gate,uFuture,PORTAL_USDT,PORTAL_USDT,PORTAL,USDT,0.0001,1.0,1000000.0,0.5,1.0,0,0,0,0,,,0
2024-03-14 21:39:46,gate,uFuture,ACA_USDT,ACA_USDT,ACA,USDT,0.0001,1.0,10000000.0,0.1,1.0,0,0,0,0,,,0
2024-03-14 21:39:46,gate,uFuture,EDU_USDT,EDU_USDT,EDU,USDT,0.0001,1.0,1000000.0,0.3,1.0,0,0,0,0,,,0
2024-03-14 21:39:46,gate,uFuture,OCEAN_USDT,OCEAN_USDT,OCEAN,USDT,0.0001,1.0,1000000.0,0.3,1.0,0,0,0,0,,,0
2024-03-14 21:39:46,gate,uFuture,XLM_USDT,XLM_USDT,XLM,USDT,0.00001,10.0,10000000.0,0.3,10.0,0,0,0,0,,,0
2024-03-14 21:39:46,gate,uFuture,HOT_USDT,HOT_USDT,HOT,USDT,0.000001,1000.0,1000000000.0,0.3,1000.0,0,0,0,0,,,0
2024-03-14 21:39:46,gate,uFuture,FTM_USDT,FTM_USDT,FTM,USDT,0.0001,1.0,10000000.0,0.5,1.0,0,0,0,0,,,0
2024-03-14 21:39:46,gate,uFuture,LPT_USDT,LPT_USDT,LPT,USDT,0.001,0.1,100000.0,0.3,0.1,0,0,0,0,,,0
2024-03-14 21:39:46,gate,uFuture,MUBI_USDT,MUBI_USDT,MUBI,USDT,0.00001,10.0,10000000.0,0.5,10.0,0,0,0,0,,,0
2024-03-14 21:39:46,gate,uFuture,ALGO_USDT,ALGO_USDT,ALGO,USDT,0.0001,10.0,10000000.0,0.5,10.0,0,0,0,0,,,0
2024-03-14 21:39:46,gate,uFuture,SHIB_USDT,SHIB_USDT,SHIB,USDT,0.000000001,10000.0,100000000000.0,0.5,10000.0,0,0,0,0,,,0
2024-03-14 21:39:46,gate,uFuture,FORTH_USDT,FORTH_USDT,FORTH,USDT,0.001,1.0,1000000.0,0.5,1.0,0,0,0,0,,,0
2024-03-14 21:39:46,gate,uFuture,BSV_USDT,BSV_USDT,BSV,USDT,0.01,0.01,10000.0,0.5,0.01,0,0,0,0,,,0
2024-03-14 21:39:46,gate,uFuture,GROK_USDT,GROK_USDT,GROK,USDT,0.000001,100.0,100000000.0,0.5,100.0,0,0,0,0,,,0
2024-03-14 21:39:46,gate,uFuture,XRD_USDT,XRD_USDT,XRD,USDT,0.00001,10.0,10000000.0,0.1,10.0,0,0,0,0,,,0
2024-03-14 21:39:46,gate,uFuture,SFP_USDT,SFP_USDT,SFP,USDT,0.0001,1.0,100000000.0,0.1,1.0,0,0,0,0,,,0
2024-03-14 21:39:46,gate,uFuture,SEI_USDT,SEI_USDT,SEI,USDT,0.00001,10.0,10000000.0,0.5,10.0,0,0,0,0,,,0
2024-03-14 21:39:46,gate,uFuture,RIF_USDT,RIF_USDT,RIF,USDT,0.00001,10.0,10000000.0,0.1,10.0,0,0,0,0,,,0
2024-03-14 21:39:46,gate,uFuture,BADGER_USDT,BADGER_USDT,BADGER,USDT,0.001,0.1,100000.0,0.3,0.1,0,0,0,0,,,0
2024-03-14 21:39:46,gate,uFuture,RATS_USDT,RATS_USDT,RATS,USDT,0.00000001,10000.0,10000000000.0,0.5,10000.0,0,0,0,0,,,0
2024-03-14 21:39:46,gate,uFuture,GMX_USDT,GMX_USDT,GMX,USDT,0.01,0.01,10000.0,0.3,0.01,0,0,0,0,,,0
2024-03-14 21:39:46,gate,uFuture,DAR_USDT,DAR_USDT,DAR,USDT,0.0001,1.0,1000000.0,0.1,1.0,0,0,0,0,,,0
2024-03-14 21:39:46,gate,uFuture,POLYX_USDT,POLYX_USDT,POLYX,USDT,0.0001,10.0,1000000000.0,0.3,10.0,0,0,0,0,,,0
2024-03-14 21:39:46,gate,uFuture,OG_USDT,OG_USDT,OG,USDT,0.001,0.1,100000.0,0.3,0.1,0,0,0,0,,,0
2024-03-14 21:39:46,gate,uFuture,XEM_USDT,XEM_USDT,XEM,USDT,0.00001,1.0,100000000.0,0.1,1.0,0,0,0,0,,,0
2024-03-14 21:39:46,gate,uFuture,ALICE_USDT,ALICE_USDT,ALICE,USDT,0.001,0.1,1000000.0,0.3,0.1,0,0,0,0,,,0
2024-03-14 21:39:46,gate,uFuture,ICP_USDT,ICP_USDT,ICP,USDT,0.01,0.001,100000.0,0.5,0.001,0,0,0,0,,,0
2024-03-14 21:39:46,gate,uFuture,RARE_USDT,RARE_USDT,RARE,USDT,0.00001,10.0,10000000.0,0.1,10.0,0,0,0,0,,,0
2024-03-14 21:39:46,gate,uFuture,JTO_USDT,JTO_USDT,JTO,USDT,0.0001,1.0,1000000.0,0.5,1.0,0,0,0,0,,,0
2024-03-14 21:39:46,gate,uFuture,ACS_USDT,ACS_USDT,ACS,USDT,0.000001,100.0,10000000000.0,0.1,100.0,0,0,0,0,,,0
2024-03-14 21:39:46,gate,uFuture,FLUX_USDT,FLUX_USDT,FLUX,USDT,0.0001,1.0,1000000.0,0.3,1.0,0,0,0,0,,,0
2024-03-14 21:39:46,gate,uFuture,BAKE_USDT,BAKE_USDT,BAKE,USDT,0.0001,0.1,10000000.0,0.5,0.1,0,0,0,0,,,0
2024-03-14 21:39:46,gate,uFuture,LRC_USDT,LRC_USDT,LRC,USDT,0.0001,1.0,1000000.0,0.3,1.0,0,0,0,0,,,0
2024-03-14 21:39:46,gate,uFuture,CVC_USDT,CVC_USDT,CVC,USDT,0.00001,10.0,10000000.0,0.1,10.0,0,0,0,0,,,0
2024-03-14 21:39:46,gate,uFuture,CRO_USDT,CRO_USDT,CRO,USDT,0.00001,1.0,10000000.0,0.3,1.0,0,0,0,0,,,0
2024-03-14 21:39:46,gate,uFuture,ARDR_USDT,ARDR_USDT,ARDR,USDT,0.00001,10.0,10000000.0,0.1,10.0,0,0,0,0,,,0
2024-03-14 21:39:46,gate,uFuture,MINA_USDT,MINA_USDT,MINA,USDT,0.0001,0.1,1000000.0,0.5,0.1,0,0,0,0,,,0
2024-03-14 21:39:46,gate,uFuture,LIT_USDT,LIT_USDT,LIT,USDT,0.0001,1.0,1000000.0,0.3,1.0,0,0,0,0,,,0
2024-03-14 21:39:46,gate,uFuture,AUDIO_USDT,AUDIO_USDT,AUDIO,USDT,0.0001,1.0,10000000.0,0.3,1.0,0,0,0,0,,,0
2024-03-14 21:39:46,gate,uFuture,ZKF_USDT,ZKF_USDT,ZKF,USDT,0.000001,100.0,100000000.0,0.5,100.0,0,0,0,0,,,0
2024-03-14 21:39:46,gate,uFuture,ZIL_USDT,ZIL_USDT,ZIL,USDT,0.00001,10.0,10000000.0,0.3,10.0,0,0,0,0,,,0
2024-03-14 21:39:46,gate,uFuture,XMR_USDT,XMR_USDT,XMR,USDT,0.01,0.01,10000.0,0.3,0.01,0,0,0,0,,,0
2024-03-14 21:39:46,gate,uFuture,FRONT_USDT,FRONT_USDT,FRONT,USDT,0.0001,1.0,1000000.0,0.3,1.0,0,0,0,0,,,0
2024-03-14 21:39:46,gate,uFuture,AI_USDT,AI_USDT,AI,USDT,0.0001,1.0,1000000.0,0.5,1.0,0,0,0,0,,,0
2024-03-14 21:39:46,gate,uFuture,PENDLE_USDT,PENDLE_USDT,PENDLE,USDT,0.0001,1.0,1000000.0,0.3,1.0,0,0,0,0,,,0
2024-03-14 21:39:46,gate,uFuture,CTSI_USDT,CTSI_USDT,CTSI,USDT,0.0001,1.0,10000000.0,0.3,1.0,0,0,0,0,,,0
2024-03-14 21:39:46,gate,uFuture,TURBO_USDT,TURBO_USDT,TURBO,USDT,0.0000001,1000.0,10000000000.0,0.3,1000.0,0,0,0,0,,,0
2024-03-14 21:39:46,gate,uFuture,AGLD_USDT,AGLD_USDT,AGLD,USDT,0.0001,1.0,1000000.0,0.3,1.0,0,0,0,0,,,0
2024-03-14 21:39:46,gate,uFuture,YGG_USDT,YGG_USDT,YGG,USDT,0.0001,1.0,10000000.0,0.5,1.0,0,0,0,0,,,0
2024-03-14 21:39:46,gate,uFuture,OP_USDT,OP_USDT,OP,USDT,0.0001,1.0,1000000.0,0.5,1.0,0,0,0,0,,,0
2024-03-14 21:39:46,gate,uFuture,ZRX_USDT,ZRX_USDT,ZRX,USDT,0.0001,1.0,10000000.0,0.3,1.0,0,0,0,0,,,0
2024-03-14 21:39:46,gate,uFuture,TOKEN_USDT,TOKEN_USDT,TOKEN,USDT,0.00001,100.0,100000000.0,0.3,100.0,0,0,0,0,,,0
2024-03-14 21:39:46,gate,uFuture,LADYS_USDT,LADYS_USDT,LADYS,USDT,0.00000000001,10000000.0,100000000000000.0,0.5,10000000.0,0,0,0,0,,,0
2024-03-14 21:39:46,gate,uFuture,GT_USDT,GT_USDT,GT,USDT,0.001,0.1,100000.0,0.1,0.1,0,0,0,0,,,0
2024-03-14 21:39:46,gate,uFuture,XCH_USDT,XCH_USDT,XCH,USDT,0.01,0.001,100000.0,0.3,0.001,0,0,0,0,,,0
2024-03-14 21:39:46,gate,uFuture,VET_USDT,VET_USDT,VET,USDT,0.00001,100.0,100000000.0,0.3,100.0,0,0,0,0,,,0
2024-03-14 21:39:46,gate,uFuture,BBL_USDT,BBL_USDT,BBL,USDT,0.00001,10.0,10000000.0,0.5,10.0,0,0,0,0,,,0
2024-03-14 21:39:46,gate,uFuture,ICE_USDT,ICE_USDT,ICE,USDT,0.00001,10.0,10000000.0,0.5,10.0,0,0,0,0,,,0
2024-03-14 21:39:46,gate,uFuture,BICO_USDT,BICO_USDT,BICO,USDT,0.001,0.1,10000000.0,0.3,0.1,0,0,0,0,,,0
2024-03-14 21:39:46,gate,uFuture,SLP_USDT,SLP_USDT,SLP,USDT,0.000001,1.0,100000000.0,0.3,1.0,0,0,0,0,,,0
2024-03-14 21:39:46,gate,uFuture,NIBI_USDT,NIBI_USDT,NIBI,USDT,0.00001,10.0,10000000.0,0.5,10.0,0,0,0,0,,,0
2024-03-14 21:39:46,gate,uFuture,ACH_USDT,ACH_USDT,ACH,USDT,0.00001,11.0,110000000.0,0.3,11.0,0,0,0,0,,,0
2024-03-14 21:39:46,gate,uFuture,AR_USDT,AR_USDT,AR,USDT,0.001,0.1,100000.0,0.3,0.1,0,0,0,0,,,0
2024-03-14 21:39:46,gate,uFuture,IMX_USDT,IMX_USDT,IMX,USDT,0.0001,1.0,1000000.0,0.5,1.0,0,0,0,0,,,0
2024-03-14 21:39:46,gate,uFuture,SPELL_USDT,SPELL_USDT,SPELL,USDT,0.0000001,1000.0,1000000000.0,0.1,1000.0,0,0,0,0,,,0
2024-03-14 21:39:46,gate,uFuture,UNFI_USDT,UNFI_USDT,UNFI,USDT,0.001,0.1,100000.0,0.3,0.1,0,0,0,0,,,0
2024-03-14 21:39:46,gate,uFuture,ORN_USDT,ORN_USDT,ORN,USDT,0.001,0.1,100000.0,0.5,0.1,0,0,0,0,,,0
2024-03-14 21:39:46,gate,uFuture,METIS_USDT,METIS_USDT,METIS,USDT,0.01,0.01,10000.0,0.5,0.01,0,0,0,0,,,0
2024-03-14 21:39:46,gate,uFuture,SUSHI_USDT,SUSHI_USDT,SUSHI,USDT,0.0001,1.0,1000000.0,0.5,1.0,0,0,0,0,,,0
2024-03-14 21:39:46,gate,uFuture,FTT_USDT,FTT_USDT,FTT,USDT,0.0001,0.01,1000000.0,0.5,0.01,0,0,0,0,,,0
2024-03-14 21:39:46,gate,uFuture,HIGH_USDT,HIGH_USDT,HIGH,USDT,0.0005,1.0,1000000.0,0.1,1.0,0,0,0,0,,,0
2024-03-14 21:39:46,gate,uFuture,HNT_USDT,HNT_USDT,HNT,USDT,0.001,0.1,100000.0,0.3,0.1,0,0,0,0,,,0
2024-03-14 21:39:46,gate,uFuture,ALT_USDT,ALT_USDT,ALT,USDT,0.0001,1.0,1000000.0,0.5,1.0,0,0,0,0,,,0
2024-03-14 21:39:46,gate,uFuture,ARB_USDT,ARB_USDT,ARB,USDT,0.0001,1.0,1000000.0,0.5,1.0,0,0,0,0,,,0
2024-03-14 21:39:46,gate,uFuture,NEAR_USDT,NEAR_USDT,NEAR,USDT,0.001,1.0,1000000.0,0.5,1.0,0,0,0,0,,,0
2024-03-14 21:39:46,gate,uFuture,YFI_USDT,YFI_USDT,YFI,USDT,0.1,0.0001,100.0,0.3,0.0001,0,0,0,0,,,0
2024-03-14 21:39:46,gate,uFuture,DYM_USDT,DYM_USDT,DYM,USDT,0.0001,1.0,1000000.0,0.5,1.0,0,0,0,0,,,0
2024-03-14 21:39:46,gate,uFuture,VELO_USDT,VELO_USDT,VELO,USDT,0.000001,100.0,1000000000.0,0.3,100.0,0,0,0,0,,,0
2024-03-14 21:39:46,gate,uFuture,NKN_USDT,NKN_USDT,NKN,USDT,0.0001,1.0,10000000.0,0.3,1.0,0,0,0,0,,,0
2024-03-14 21:39:46,gate,uFuture,XVS_USDT,XVS_USDT,XVS,USDT,0.01,0.01,10000.0,0.3,0.01,0,0,0,0,,,0
2024-03-14 21:39:46,gate,uFuture,BAND_USDT,BAND_USDT,BAND,USDT,0.001,0.1,100000.0,0.3,0.1,0,0,0,0,,,0
2024-03-14 21:39:46,gate,uFuture,LOKA_USDT,LOKA_USDT,LOKA,USDT,0.0001,1.0,10000000.0,0.1,1.0,0,0,0,0,,,0
2024-03-14 21:39:46,gate,uFuture,STEEM_USDT,STEEM_USDT,STEEM,USDT,0.0001,10.0,1000000000.0,0.1,10.0,0,0,0,0,,,0
2024-03-14 21:39:46,gate,uFuture,ZETA_USDT,ZETA_USDT,ZETA,USDT,0.0001,1.0,1000000.0,0.5,1.0,0,0,0,0,,,0
2024-03-14 21:39:46,gate,uFuture,BCH_USDT,BCH_USDT,BCH,USDT,0.05,0.01,10000.0,0.5,0.01,0,0,0,0,,,0
2024-03-14 21:39:46,gate,uFuture,VANRY_USDT,VANRY_USDT,VANRY,USDT,0.00001,10.0,10000000.0,0.5,10.0,0,0,0,0,,,0
2024-03-14 21:39:46,gate,uFuture,ARK_USDT,ARK_USDT,ARK,USDT,0.0001,1.0,1000000.0,0.3,1.0,0,0,0,0,,,0
2024-03-14 21:39:46,gate,uFuture,WAVES_USDT,WAVES_USDT,WAVES,USDT,0.001,1.0,1000000.0,0.5,1.0,0,0,0,0,,,0
2024-03-14 21:39:46,gate,uFuture,FIDA_USDT,FIDA_USDT,FIDA,USDT,0.0001,1.0,10000000.0,0.3,1.0,0,0,0,0,,,0
2024-03-14 21:39:46,gate,uFuture,AMP_USDT,AMP_USDT,AMP,USDT,0.000001,1000.0,1000000000.0,0.5,1000.0,0,0,0,0,,,0
2024-03-14 21:39:46,gate,uFuture,STRK_USDT,STRK_USDT,STRK,USDT,0.0001,1.0,1000000.0,0.5,1.0,0,0,0,0,,,0
2024-03-14 21:39:46,gate,uFuture,STARHEROES_USDT,STARHEROES_USDT,STARHEROES,USDT,0.00001,10.0,10000000.0,0.5,10.0,0,0,0,0,,,0
2024-03-14 21:39:46,gate,uFuture,CELO_USDT,CELO_USDT,CELO,USDT,0.0001,1.0,1000000.0,0.3,1.0,0,0,0,0,,,0
2024-03-14 21:39:46,gate,uFuture,FLM_USDT,FLM_USDT,FLM,USDT,0.00005,10.0,10000000.0,0.3,10.0,0,0,0,0,,,0
2024-03-14 21:39:46,gate,uFuture,CRV_USDT,CRV_USDT,CRV,USDT,0.001,0.1,1000000.0,0.5,0.1,0,0,0,0,,,0
2024-03-14 21:39:46,gate,uFuture,GLMR_USDT,GLMR_USDT,GLMR,USDT,0.001,0.1,10000000.0,0.3,0.1,0,0,0,0,,,0
2024-03-14 21:39:46,gate,uFuture,OAX_USDT,OAX_USDT,OAX,USDT,0.00001,10.0,10000000.0,0.1,10.0,0,0,0,0,,,0
2024-03-14 21:39:46,gate,uFuture,FIL_USDT,FIL_USDT,FIL,USDT,0.001,0.01,100000.0,0.5,0.01,0,0,0,0,,,0
2024-03-14 21:39:46,gate,uFuture,SLN_USDT,SLN_USDT,SLN,USDT,0.0001,0.1,100000.0,0.5,0.1,0,0,0,0,,,0
2024-03-14 21:39:46,gate,uFuture,CORE_USDT,CORE_USDT,CORE,USDT,0.0001,1.0,1000000.0,0.3,1.0,0,0,0,0,,,0
2024-03-14 21:39:46,gate,uFuture,PEOPLE_USDT,PEOPLE_USDT,PEOPLE,USDT,0.00001,10.0,100000000.0,0.5,10.0,0,0,0,0,,,0
2024-03-14 21:39:46,gate,uFuture,IOTX_USDT,IOTX_USDT,IOTX,USDT,0.00001,10.0,100000000.0,0.3,10.0,0,0,0,0,,,0
2024-03-14 21:39:46,gate,uFuture,WAXP_USDT,WAXP_USDT,WAXP,USDT,0.0001,1.0,100000000.0,0.1,1.0,0,0,0,0,,,0
2024-03-14 21:39:46,gate,uFuture,MAV_USDT,MAV_USDT,MAV,USDT,0.0001,10.0,10000000.0,0.3,10.0,0,0,0,0,,,0
2024-03-14 21:39:46,gate,uFuture,ATOM_USDT,ATOM_USDT,ATOM,USDT,0.001,1.0,1000000.0,0.5,1.0,0,0,0,0,,,0
2024-03-14 21:39:46,gate,uFuture,RLC_USDT,RLC_USDT,RLC,USDT,0.0001,1.0,1000000.0,0.1,1.0,0,0,0,0,,,0
2024-03-14 21:39:46,gate,uFuture,CYBER_USDT,CYBER_USDT,CYBER,USDT,0.001,0.1,100000.0,0.3,0.1,0,0,0,0,,,0
2024-03-14 21:39:46,gate,uFuture,SYN_USDT,SYN_USDT,SYN,USDT,0.0001,1.0,1000000.0,0.3,1.0,0,0,0,0,,,0
2024-03-14 21:39:46,gate,uFuture,BOBA_USDT,BOBA_USDT,BOBA,USDT,0.0001,1.0,1000000.0,0.1,1.0,0,0,0,0,,,0
2024-03-14 21:39:46,gate,uFuture,REN_USDT,REN_USDT,REN,USDT,0.00001,10.0,10000000.0,0.3,10.0,0,0,0,0,,,0
2024-03-14 21:39:46,gate,uFuture,HBAR_USDT,HBAR_USDT,HBAR,USDT,0.00001,10.0,10000000.0,0.3,10.0,0,0,0,0,,,0
2024-03-14 21:39:46,gate,uFuture,GMT_USDT,GMT_USDT,GMT,USDT,0.0001,1.0,10000000.0,0.5,1.0,0,0,0,0,,,0
2024-03-14 21:39:46,gate,uFuture,KAVA_USDT,KAVA_USDT,KAVA,USDT,0.0001,1.0,1000000.0,0.3,1.0,0,0,0,0,,,0
2024-03-14 21:39:46,gate,uFuture,GLM_USDT,GLM_USDT,GLM,USDT,0.0001,10.0,10000000.0,0.1,10.0,0,0,0,0,,,0
2024-03-14 21:39:46,gate,uFuture,KDA_USDT,KDA_USDT,KDA,USDT,0.0001,1.0,1000000.0,0.3,1.0,0,0,0,0,,,0
2024-03-14 21:39:46,gate,uFuture,WIF_USDT,WIF_USDT,WIF,USDT,0.0001,1.0,1000000.0,0.5,1.0,0,0,0,0,,,0
2024-03-14 21:39:46,gate,uFuture,GALA_USDT,GALA_USDT,GALA,USDT,0.00001,10.0,100000000.0,0.5,10.0,0,0,0,0,,,0
2024-03-14 21:39:46,gate,uFuture,STORJ_USDT,STORJ_USDT,STORJ,USDT,0.0001,1.0,10000000.0,0.5,1.0,0,0,0,0,,,0
2024-03-14 21:39:46,gate,uFuture,BAL_USDT,BAL_USDT,BAL,USDT,0.001,0.1,100000.0,0.1,0.1,0,0,0,0,,,0
2024-03-14 21:39:46,gate,uFuture,MOVEZ_USDT,MOVEZ_USDT,MOVEZ,USDT,0.0000001,1000.0,1000000000.0,0.5,1000.0,0,0,0,0,,,0
2024-03-14 21:39:46,gate,uFuture,STRAX_USDT,STRAX_USDT,STRAX,USDT,0.0001,10.0,10000000.0,0.3,10.0,0,0,0,0,,,0
2024-03-14 21:39:46,gate,uFuture,PEPE_USDT,PEPE_USDT,PEPE,USDT,0.0000000001,10000000.0,10000000000000.0,0.5,10000000.0,0,0,0,0,,,0
2024-03-14 21:39:46,gate,uFuture,TWT_USDT,TWT_USDT,TWT,USDT,0.0001,1.0,1000000.0,0.3,1.0,0,0,0,0,,,0
2024-03-14 21:39:46,gate,uFuture,SXP_USDT,SXP_USDT,SXP,USDT,0.0001,1.0,1000000.0,0.3,1.0,0,0,0,0,,,0
2024-03-14 21:39:46,gate,uFuture,AKRO_USDT,AKRO_USDT,AKRO,USDT,0.000001,100.0,100000000.0,0.3,100.0,0,0,0,0,,,0
2024-03-14 21:39:46,gate,uFuture,FUN_USDT,FUN_USDT,FUN,USDT,0.000001,100.0,100000000.0,0.5,100.0,0,0,0,0,,,0
2024-03-14 21:39:46,gate,uFuture,CKB_USDT,CKB_USDT,CKB,USDT,0.000001,100.0,1000000000.0,0.1,100.0,0,0,0,0,,,0
2024-03-14 21:39:46,gate,uFuture,FLIP_USDT,FLIP_USDT,FLIP,USDT,0.001,1.0,1000000.0,0.3,1.0,0,0,0,0,,,0
2024-03-14 21:39:46,gate,uFuture,API3_USDT,API3_USDT,API3,USDT,0.001,1.0,1000000.0,0.3,1.0,0,0,0,0,,,0
2024-03-14 21:39:46,gate,uFuture,PHB_USDT,PHB_USDT,PHB,USDT,0.0001,1.0,1000000.0,0.3,1.0,0,0,0,0,,,0
2024-03-14 21:39:46,gate,uFuture,ETHW_USDT,ETHW_USDT,ETHW,USDT,0.001,0.1,1000000.0,0.3,0.1,0,0,0,0,,,0
2024-03-14 21:39:46,gate,uFuture,GFT_USDT,GFT_USDT,GFT,USDT,0.00001,10.0,100000000.0,0.3,10.0,0,0,0,0,,,0
2024-03-14 21:39:46,gate,uFuture,UMA_USDT,UMA_USDT,UMA,USDT,0.0001,1.0,1000000.0,0.1,1.0,0,0,0,0,,,0
2024-03-14 21:39:46,gate,uFuture,THETA_USDT,THETA_USDT,THETA,USDT,0.0001,1.0,1000000.0,0.3,1.0,0,0,0,0,,,0
2024-03-14 21:39:46,gate,uFuture,CREAM_USDT,CREAM_USDT,CREAM,USDT,0.01,0.01,10000.0,0.3,0.01,0,0,0,0,,,0
2024-03-14 21:39:46,gate,uFuture,BTC_USDT,BTC_USDT,BTC,USDT,0.1,0.0001,100.0,0.5,0.0001,0,0,0,0,,,0
2024-03-14 21:39:46,gate,uFuture,JOE_USDT,JOE_USDT,JOE,USDT,0.0001,1.0,1000000.0,0.3,1.0,0,0,0,0,,,0
2024-03-14 21:39:46,gate,uFuture,GTAI_USDT,GTAI_USDT,GTAI,USDT,0.0001,1.0,1000000.0,0.5,1.0,0,0,0,0,,,0
2024-03-14 21:39:46,gate,uFuture,LAI_USDT,LAI_USDT,LAI,USDT,0.00001,10.0,100000000.0,0.3,10.0,0,0,0,0,,,0
2024-03-14 21:39:46,gate,uFuture,HFT_USDT,HFT_USDT,HFT,USDT,0.0001,1.0,1000000.0,0.3,1.0,0,0,0,0,,,0
2024-03-14 21:39:46,gate,uFuture,ONDO_USDT,ONDO_USDT,ONDO,USDT,0.0001,1.0,1000000.0,0.5,1.0,0,0,0,0,,,0
2024-03-14 21:39:46,gate,uFuture,JUP_USDT,JUP_USDT,JUP,USDT,0.0001,1.0,1000000.0,0.5,1.0,0,0,0,0,,,0
2024-03-14 21:39:46,gate,uFuture,RAD_USDT,RAD_USDT,RAD,USDT,0.001,0.1,1000000.0,0.3,0.1,0,0,0,0,,,0
2024-03-14 21:39:46,gate,uFuture,KSM_USDT,KSM_USDT,KSM,USDT,0.01,0.1,100000.0,0.3,0.1,0,0,0,0,,,0
2024-03-14 21:39:46,gate,uFuture,BCUT_USDT,BCUT_USDT,BCUT,USDT,0.0001,1.0,1000000.0,0.5,1.0,0,0,0,0,,,0
2024-03-14 21:39:46,gate,uFuture,CTC_USDT,CTC_USDT,CTC,USDT,0.0001,1.0,1000000.0,0.5,1.0,0,0,0,0,,,0
2024-03-14 21:39:46,gate,uFuture,WOO_USDT,WOO_USDT,WOO,USDT,0.0001,1.0,10000000.0,0.3,1.0,0,0,0,0,,,0
2024-03-14 21:39:46,gate,uFuture,QTUM_USDT,QTUM_USDT,QTUM,USDT,0.001,1.0,1000000.0,0.3,1.0,0,0,0,0,,,0
2024-03-14 21:39:46,gate,uFuture,BAIDOGE_USDT,BAIDOGE_USDT,BAIDOGE,USDT,0.00001,10.0,10000000.0,0.3,10.0,0,0,0,0,,,0
2024-03-14 21:39:46,gate,uFuture,ILV_USDT,ILV_USDT,ILV,USDT,0.01,0.01,10000.0,0.3,0.01,0,0,0,0,,,0
2024-03-14 21:39:46,gate,uFuture,AVAX_USDT,AVAX_USDT,AVAX,USDT,0.01,1.0,1000000.0,0.5,1.0,0,0,0,0,,,0
2024-03-14 21:39:46,gate,uFuture,NTRN_USDT,NTRN_USDT,NTRN,USDT,0.0001,10.0,10000000.0,0.3,10.0,0,0,0,0,,,0
2024-03-14 21:39:46,gate,uFuture,SNX_USDT,SNX_USDT,SNX,USDT,0.001,0.1,1000000.0,0.3,0.1,0,0,0,0,,,0
2024-03-14 21:39:46,gate,uFuture,EOS_USDT,EOS_USDT,EOS,USDT,0.001,1.0,1000000.0,0.5,1.0,0,0,0,0,,,0
2024-03-14 21:39:46,gate,uFuture,VTHO_USDT,VTHO_USDT,VTHO,USDT,0.000001,100.0,100000000.0,0.5,100.0,0,0,0,0,,,0
2024-03-14 21:39:46,gate,uFuture,AUCTION_USDT,AUCTION_USDT,AUCTION,USDT,0.001,0.1,10000000.0,0.5,0.1,0,0,0,0,,,0
2024-03-14 21:39:46,gate,uFuture,XRP_USDT,XRP_USDT,XRP,USDT,0.0001,10.0,10000000.0,0.5,10.0,0,0,0,0,,,0
2024-03-14 21:39:46,gate,uFuture,FET_USDT,FET_USDT,FET,USDT,0.0001,1.0,10000000.0,0.5,1.0,0,0,0,0,,,0
2024-03-14 21:39:46,gate,uFuture,AEVO_USDT,AEVO_USDT,AEVO,USDT,0.0001,1.0,1000000.0,0.5,1.0,0,0,0,0,,,0
2024-03-14 21:39:46,gate,uFuture,MATIC_USDT,MATIC_USDT,MATIC,USDT,0.0001,10.0,10000000.0,0.5,10.0,0,0,0,0,,,0
2024-03-14 21:39:46,gate,uFuture,WAXL_USDT,WAXL_USDT,WAXL,USDT,0.0001,1.0,1000000.0,0.5,1.0,0,0,0,0,,,0
2024-03-14 21:39:46,gate,uFuture,MYRO_USDT,MYRO_USDT,MYRO,USDT,0.00001,10.0,10000000.0,0.5,10.0,0,0,0,0,,,0
2024-03-14 21:39:46,gate,uFuture,ONT_USDT,ONT_USDT,ONT,USDT,0.0001,1.0,10000000.0,0.3,1.0,0,0,0,0,,,0
2024-03-14 21:39:46,gate,uFuture,LINA_USDT,LINA_USDT,LINA,USDT,0.00001,10.0,100000000.0,0.3,10.0,0,0,0,0,,,0
2024-03-14 21:39:46,gate,uFuture,CETUS_USDT,CETUS_USDT,CETUS,USDT,0.00001,10.0,1000000000.0,0.3,10.0,0,0,0,0,,,0
2024-03-14 21:39:46,gate,uFuture,DASH_USDT,DASH_USDT,DASH,USDT,0.01,0.01,10000.0,0.3,0.01,0,0,0,0,,,0
2024-03-14 21:39:46,gate,uFuture,PIXEL_USDT,PIXEL_USDT,PIXEL,USDT,0.0001,1.0,1000000.0,0.5,1.0,0,0,0,0,,,0
2024-03-14 21:39:46,gate,uFuture,FLR_USDT,FLR_USDT,FLR,USDT,0.000001,100.0,100000000.0,0.3,100.0,0,0,0,0,,,0
2024-03-14 21:39:46,gate,uFuture,MASK_USDT,MASK_USDT,MASK,USDT,0.001,0.1,100000.0,0.5,0.1,0,0,0,0,,,0
2024-03-14 21:39:46,gate,uFuture,ETC_USDT,ETC_USDT,ETC,USDT,0.001,0.1,100000.0,0.5,0.1,0,0,0,0,,,0
2024-03-14 21:39:46,gate,uFuture,JST_USDT,JST_USDT,JST,USDT,0.00001,100.0,100000000.0,0.1,100.0,0,0,0,0,,,0
2024-03-14 21:39:46,gate,uFuture,BSW_USDT,BSW_USDT,BSW,USDT,0.0001,1.0,1000000.0,0.3,1.0,0,0,0,0,,,0
2024-03-14 21:39:46,gate,uFuture,SKL_USDT,SKL_USDT,SKL,USDT,0.00001,10.0,100000000.0,0.1,10.0,0,0,0,0,,,0
2024-03-14 21:39:46,gate,uFuture,TOMI_USDT,TOMI_USDT,TOMI,USDT,0.001,1.0,1000000.0,0.3,1.0,0,0,0,0,,,0
2024-03-14 21:39:46,gate,uFuture,DODO_USDT,DODO_USDT,DODO,USDT,0.00001,10.0,10000000.0,0.3,10.0,0,0,0,0,,,0
2024-03-14 21:39:46,gate,uFuture,GAL_USDT,GAL_USDT,GAL,USDT,0.001,0.1,1000000.0,0.3,0.1,0,0,0,0,,,0
2024-03-14 21:39:46,gate,uFuture,POWR_USDT,POWR_USDT,POWR,USDT,0.0001,10.0,10000000.0,0.3,10.0,0,0,0,0,,,0
2024-03-14 21:39:46,gate,uFuture,GRT_USDT,GRT_USDT,GRT,USDT,0.00001,10.0,10000000.0,0.3,10.0,0,0,0,0,,,0
2024-03-14 21:39:46,gate,uFuture,WOJAK_USDT,WOJAK_USDT,WOJAK,USDT,0.0000001,1000.0,10000000000.0,0.3,1000.0,0,0,0,0,,,0
2024-03-14 21:39:46,gate,uFuture,STX_USDT,STX_USDT,STX,USDT,0.0001,1.0,1000000.0,0.5,1.0,0,0,0,0,,,0
2024-03-14 21:39:46,gate,uFuture,TRU_USDT,TRU_USDT,TRU,USDT,0.00001,10.0,10000000.0,0.1,10.0,0,0,0,0,,,0
2024-03-14 21:39:46,gate,uFuture,SOLS_USDT,SOLS_USDT,SOLS,USDT,0.001,1.0,1000000.0,0.5,1.0,0,0,0,0,,,0
2024-03-14 21:39:46,gate,uFuture,CVX_USDT,CVX_USDT,CVX,USDT,0.001,0.1,1000000.0,0.1,0.1,0,0,0,0,,,0
2024-03-14 21:39:46,gate,uFuture,XEN_USDT,XEN_USDT,XEN,USDT,0.000000001,1000000.0,1000000000000.0,0.3,1000000.0,0,0,0,0,,,0
2024-03-14 21:39:46,gate,uFuture,JASMY_USDT,JASMY_USDT,JASMY,USDT,0.000001,1.0,100000000.0,0.3,1.0,0,0,0,0,,,0
2024-03-14 21:39:46,gate,uFuture,LSK_USDT,LSK_USDT,LSK,USDT,0.0001,1.0,1000000.0,0.5,1.0,0,0,0,0,,,0
2024-03-14 21:39:46,gate,uFuture,ROSE_USDT,ROSE_USDT,ROSE,USDT,0.00001,100.0,100000000.0,0.3,100.0,0,0,0,0,,,0
2024-03-14 21:39:46,gate,uFuture,SUPER_USDT,SUPER_USDT,SUPER,USDT,0.0001,1.0,1000000.0,0.3,1.0,0,0,0,0,,,0
2024-03-14 21:39:46,gate,uFuture,USTC_USDT,USTC_USDT,USTC,USDT,0.000001,100.0,100000000.0,0.5,100.0,0,0,0,0,,,0
2024-03-14 21:39:46,gate,uFuture,ENJ_USDT,ENJ_USDT,ENJ,USDT,0.0001,1.0,10000000.0,0.3,1.0,0,0,0,0,,,0
2024-03-14 21:39:46,gate,uFuture,LOOKS_USDT,LOOKS_USDT,LOOKS,USDT,0.0001,1.0,10000000.0,0.3,1.0,0,0,0,0,,,0
2024-03-14 21:39:46,gate,uFuture,NEO_USDT,NEO_USDT,NEO,USDT,0.001,1.0,1000000.0,0.3,1.0,0,0,0,0,,,0
2024-03-14 21:39:46,gate,uFuture,HOOK_USDT,HOOK_USDT,HOOK,USDT,0.0001,1.0,1000000.0,0.3,1.0,0,0,0,0,,,0
2024-03-14 21:39:46,gate,uFuture,QNT_USDT,QNT_USDT,QNT,USDT,0.01,0.01,10000.0,0.3,0.01,0,0,0,0,,,0
2024-03-14 21:39:46,gate,uFuture,PRQ_USDT,PRQ_USDT,PRQ,USDT,0.00001,10.0,10000000.0,0.1,10.0,0,0,0,0,,,0
2024-03-14 21:39:46,gate,uFuture,RUNE_USDT,RUNE_USDT,RUNE,USDT,0.001,0.1,1000000.0,0.5,0.1,0,0,0,0,,,0
2024-03-14 21:39:46,gate,uFuture,FLOW_USDT,FLOW_USDT,FLOW,USDT,0.001,0.1,1000000.0,0.5,0.1,0,0,0,0,,,0
2024-03-14 21:39:46,gate,uFuture,AGIX_USDT,AGIX_USDT,AGIX,USDT,0.0001,10.0,10000000.0,0.5,10.0,0,0,0,0,,,0
2024-03-14 21:39:46,gate,uFuture,DOGE_USDT,DOGE_USDT,DOGE,USDT,0.00001,10.0,10000000.0,0.5,10.0,0,0,0,0,,,0
2024-03-14 21:39:46,gate,uFuture,CHZ_USDT,CHZ_USDT,CHZ,USDT,0.00001,100.0,100000000.0,0.3,100.0,0,0,0,0,,,0
2024-03-14 21:39:46,gate,uFuture,APT_USDT,APT_USDT,APT,USDT,0.001,0.1,100000.0,0.5,0.1,0,0,0,0,,,0
2024-03-14 21:39:46,gate,uFuture,VRTX_USDT,VRTX_USDT,VRTX,USDT,0.0001,10.0,10000000.0,0.1,10.0,0,0,0,0,,,0
2024-03-14 21:39:46,gate,uFuture,RDNT_USDT,RDNT_USDT,RDNT,USDT,0.0001,1.0,10000000.0,0.3,1.0,0,0,0,0,,,0
2024-03-14 21:39:46,gate,uFuture,1INCH_USDT,1INCH_USDT,1INCH,USDT,0.0001,1.0,1000000.0,0.3,1.0,0,0,0,0,,,0
2024-03-14 21:39:46,gate,uFuture,C98_USDT,C98_USDT,C98,USDT,0.0001,1.0,10000000.0,0.3,1.0,0,0,0,0,,,0
2024-03-14 21:39:46,gate,uFuture,CSPR_USDT,CSPR_USDT,CSPR,USDT,0.00001,10.0,10000000.0,0.3,10.0,0,0,0,0,,,0
2024-03-14 21:39:46,gate,uFuture,VOXEL_USDT,VOXEL_USDT,VOXEL,USDT,0.0001,10.0,10000000.0,0.3,10.0,0,0,0,0,,,0
2024-03-14 21:39:46,gate,uFuture,MYRIA_USDT,MYRIA_USDT,MYRIA,USDT,0.000001,100.0,100000000.0,0.5,100.0,0,0,0,0,,,0
2024-03-14 21:39:46,gate,uFuture,RACA_USDT,RACA_USDT,RACA,USDT,0.0000001,100.0,10000000000.0,0.3,100.0,0,0,0,0,,,0
2024-03-14 21:39:46,gate,uFuture,STPT_USDT,STPT_USDT,STPT,USDT,0.00001,10.0,10000000.0,0.1,10.0,0,0,0,0,,,0
2024-03-14 21:39:46,gate,uFuture,CELR_USDT,CELR_USDT,CELR,USDT,0.00001,10.0,100000000.0,0.3,10.0,0,0,0,0,,,0
2024-03-14 21:39:46,gate,uFuture,ENS_USDT,ENS_USDT,ENS,USDT,0.001,0.1,100000.0,0.3,0.1,0,0,0,0,,,0
2024-03-14 21:39:46,gate,uFuture,XEC_USDT,XEC_USDT,XEC,USDT,0.00000001,10000.0,100000000000.0,0.3,10000.0,0,0,0,0,,,0
2024-03-14 21:39:46,gate,uFuture,STARL_USDT,STARL_USDT,STARL,USDT,0.000000001,100000.0,100000000000.0,0.3,100000.0,0,0,0,0,,,0
2024-03-14 21:39:46,gate,uFuture,POND_USDT,POND_USDT,POND,USDT,0.00001,10.0,1000000000.0,0.1,10.0,0,0,0,0,,,0
2024-03-14 21:39:46,gate,uFuture,FIO_USDT,FIO_USDT,FIO,USDT,0.00001,10.0,10000000.0,0.5,10.0,0,0,0,0,,,0
2024-03-14 21:39:46,gate,uFuture,XNO_USDT,XNO_USDT,XNO,USDT,0.0001,1.0,1000000.0,0.5,1.0,0,0,0,0,,,0
2024-03-14 21:39:46,gate,uFuture,PROM_USDT,PROM_USDT,PROM,USDT,0.001,0.1,10000000.0,0.1,0.1,0,0,0,0,,,0
2024-03-14 21:39:46,gate,uFuture,LDO_USDT,LDO_USDT,LDO,USDT,0.0001,1.0,1000000.0,0.3,1.0,0,0,0,0,,,0
2024-03-14 21:39:46,gate,uFuture,ZEN_USDT,ZEN_USDT,ZEN,USDT,0.001,0.1,100000.0,0.3,0.1,0,0,0,0,,,0
2024-03-14 21:39:46,gate,uFuture,IOST_USDT,IOST_USDT,IOST,USDT,0.00001,10.0,100000000.0,0.3,10.0,0,0,0,0,,,0
2024-03-14 21:39:46,gate,uFuture,MBL_USDT,MBL_USDT,MBL,USDT,0.000001,100.0,100000000.0,0.1,100.0,0,0,0,0,,,0
2024-03-14 21:39:46,gate,uFuture,REQ_USDT,REQ_USDT,REQ,USDT,0.0001,1.0,100000000.0,0.1,1.0,0,0,0,0,,,0
2024-03-14 21:39:46,gate,uFuture,RNDR_USDT,RNDR_USDT,RNDR,USDT,0.001,1.0,1000000.0,0.5,1.0,0,0,0,0,,,0
2024-03-14 21:39:46,gate,uFuture,VRA_USDT,VRA_USDT,VRA,USDT,0.000001,10.0,100000000.0,0.3,10.0,0,0,0,0,,,0
2024-03-14 21:39:46,gate,uFuture,DEGO_USDT,DEGO_USDT,DEGO,USDT,0.001,0.1,100000.0,0.3,0.1,0,0,0,0,,,0
2024-03-14 21:39:46,gate,uFuture,ONG_USDT,ONG_USDT,ONG,USDT,0.0001,10.0,10000000.0,0.1,10.0,0,0,0,0,,,0
2024-03-14 21:39:46,gate,uFuture,VGX_USDT,VGX_USDT,VGX,USDT,0.0001,1.0,10000000.0,0.3,1.0,0,0,0,0,,,0
2024-03-14 21:39:46,gate,uFuture,SUI_USDT,SUI_USDT,SUI,USDT,0.0001,1.0,1000000.0,0.5,1.0,0,0,0,0,,,0
2024-03-14 21:39:46,gate,uFuture,MANTA_USDT,MANTA_USDT,MANTA,USDT,0.0001,1.0,1000000.0,0.5,1.0,0,0,0,0,,,0
2024-03-14 21:39:46,gate,uFuture,ARPA_USDT,ARPA_USDT,ARPA,USDT,0.00001,10.0,10000000.0,0.3,10.0,0,0,0,0,,,0
2024-03-14 21:39:46,gate,uFuture,EGLD_USDT,EGLD_USDT,EGLD,USDT,0.01,0.1,100000.0,0.3,0.1,0,0,0,0,,,0
2024-03-14 21:39:46,gate,uFuture,XTZ_USDT,XTZ_USDT,XTZ,USDT,0.001,1.0,1000000.0,0.3,1.0,0,0,0,0,,,0
2024-03-14 21:39:46,gate,uFuture,ID_USDT,ID_USDT,ID,USDT,0.0001,1.0,10000000.0,0.3,1.0,0,0,0,0,,,0
2024-03-14 21:39:46,gate,uFuture,MAVIA_USDT,MAVIA_USDT,MAVIA,USDT,0.0001,1.0,1000000.0,0.5,1.0,0,0,0,0,,,0
